0,1,2,3,4
,,,,
,,,,
,,,lolv Plas,
,,,,
,,Iooo,Dfd Ie,
,,,,
,,Onnaas,,
,,1,Eel,
,,Onnn,,
,,3,DlC,
,,End,,
,,COOOtO,Lota pduoa,
,,,,
,,Jju04O,Tyan Umdmudn,
,,,,
,,UUUUOU,Thenny Clud Lojez,
,,,,
,,UUuuJ|,Than PauiRoque,
,,,,
,,Ononco,,
,,JOOOOL,Jusepunoquc,
,,,,
,,nnnco,,
,,UUUUJO,Tarace koque,
,,,Al,
,,,,
,,nonda,,
,,,ManNg,
,,Uee,ea cieo,
,,,,
,,a,,
,,a,Cats Motor,
,,UUUUOS,icats Niulois,
,,,,
,,,,
,,Oones,,
,,DOdodo,UuJore Coslino,
,,,,
,,,Danilo Pon,
,,UUUUJ,Daniio Koque,
,,,,
,,,Revilame Tlle,
,,,,
,,onsa,NiDCOnC,
,,,,
,,,,
,,3,,
,,Onnnc,,
,,3e,AolCOl,
,,Eeenn,,
,,COOOo_,cotOutcid,
,,,,
,,UJUUUO,Oeiy >,
