sequence, number
CGCTGTTGGTATTAGTCGTATTAATGTGGCGACTTACCAGTCTGTTTCCGGGACTGGCAAAAAAGCCATCAGCGAGCTGGTTGCTCAGGTAGGCGATCTTTTAAATGGGAGACCAGCTAATGTTCAAGTTTATCCTCAGCAAATTGCTTTTAATGCGCTTCCTCATATTGATCAGTTCGAAGACAATGGTTATACCCGAGAAGAGATGAAGATGGTCTGGGAAACCCGCAAGATTATGGAAGATGACAGCATTATGGTTAACCCTACAGCCGTCAGGGTTCCTGTTATTTATGGGCATTCTGAAGCGGTTCATCTGGAGTTAAAAAAGCCTTTGACGGCTGACGATGCTCGCGCGCTTTTGGCAAAGGCACCCGGCGTTACTGTAGTGGATAATCTTTCTAAAGCAAGTTATCCCACAGCAATTAAGAATGCAGTCGGGCATGATGATGTTTTTGTAGGGCGCATAAGACAGG,1
CGCTGTTGGTATTAGTCGTATTAATGTGGCGACTTACCAGTCTGTTTCCGGGACTGGCAAAAAAGCCATCAGCGAGCTGGTTGCTCAGGTAGGCGATCTTTTAAATGGGAGGCCAGCTAATGTTCAAGTTTATCCTCAGCAAATTGCTTTTAATGCGCTTCCTCATATTGATCAGTTCGAAGACAATGGTTATACCCGAGAAGAGATGAAGATGGTCTGGGAAACCCGCAAGATTATGGAAGATGACAGCATTATGGTTAACCCTACAGCCGTCAGAGTTCCTGTTATTTATGGGCATTCTGAAGCGGTTCATCTGGAGTTAAAAAAGCCTTTGACGGCTGACGATGCTCGCGCGCTTTTGGCAAAGGCACCCGGCGTTACTGTAGTGGATAATCTTTCTAAAGCACGTTATCCCACAGCAATTAAGAATGCAGTCGGGCATGATGATGTTTTTGTAGGGCGCATAAGACAGG,2
CGCTGTTGGTATTAGTCGTATTAATGTGGCGACTTACCAGTCTGTTTCCGGGACTGGCAAAAAAGCCATCAGCGAACTGGTTGCTCAGGTAGGCGATCTTTTAAATGGGAGACCAGCTAATGTTCAAGTCTATCCTCAGCAAATTGCTTTTAATGCGCTTCCTCATATTGATCAGTTCGAAGACAATGGTTATACCCGGGAAGAGATGAAGATGGTCTGGGAAACCCGCAAGATTATGGAAGATGACAGCATTATGGTTAACCCTACAGCTGTCAGGGTTCCCGTTATTTATGGGCATTCTGAAGCGGTTCATCTGGAATTAAAAAAGCCTTTGACGGCTGACGATGCTCGCGCGCTTTTGGCAAAGGCACCCGGCGTTACTGTAGTGGATAATCTTTCTAAAGCAAGTTATCCCACAGCAATTAAGAATGCAGTTGGGCATGATGATGTTTTTGTAGGGCGCATAAGACAGG,3
CGCTGTTGGTATTAGTCGTATTAATGTAGCAACTTACCAGTCTGTTTCCGGGACTGGCAAAAAAGCCATCAGCGAGCTGGTTGCTCAGGTAGGCGATCTTTTAAATGGGAGACCAGCTAATGTTCAAGTCTATCCTCAGCAAATTGCTTTTAATGTGCTTCCTCATATTGATCAGTTCGAAGACAATGGTTATACCCGAGAAGAGATGAAGATGGTCTGGGAAACCCGCAAGATTATGGAAGATGACAGTATTATGGTTAACCCTACAGCCGTCAGGGTTCCTGTTATTTATGGGCATTCTGAAGCGGTTCATCTGGAATTAAAAAAGCCTTTGACGGCTGACGATGCTCGCGCACTTTTGGCAAAGGCACCCGGCGTTACTGTAGTGGATAATCTTTCTAAAGCAAGCTATCCTACAGCAATTAAGAATGCAGTCGGGCATGATGATGTTTTTGTAGGGCGCATAAGGCAGG,4
CGCTGTTGGTATTAGTCGTATTAATGTGGCGACTTACCAGTCTGTTTCCGGGACTGGCAAAAAAGCCATCAGCGAACTGGTTGCTCAGGTAGGCGATCTTTTAAATGGGAGACCAGCTAATGTTCAAGTCTATCCTCAGCAAATTGCTTTTAATGCGCTTCCTCATATTGATCAGTTCGAAGACAATGGTTATACCCGAGAAGAGATGAAGATGGTCTGGGAAACCCGCAAGATTATGGAAGATGACAGCATTATGGTTAACCCTACAGCCGTCAGGGTTCCCGTTATTTATGGGCATTCTGAAGCGGTTCATCTGGAATTAAAAAAGCCTTTGACGGCTGACGATGCTCGCGCGCTTTTGGCAAAGGCACCCGGCGTTACTGTAGTGGATAATCTTTCTAAAGCAAGTTATCCCACAGCAATTAAGAATGCAGTCGGGCATGATGATGTTTTTGTAGGGCGCATAAGGCAGG,5
CGCTGTTGGTATTAGTCGTATTAATGTGGCGACTTACCAGTCTGTTTCCGGGACTGGCAAAAAAGCCATCAGCGAACTGGTTGCTCAGGTAGGCGATCTTTTAAATGGGAGACCAGCTAATGTTCAAGTCTATCCTCAGCAAATTGCTTTTAATGCGCTTCCTCATATTGATCAGTTCGAAGACAATGGTTATACCCGGGAAGAGATGAAGATGGTCTGGGAAACCCGCAAGATTATGGAAGATGACAGCATTATGGTTAACCCTACAGCCGTCAGGGTTCCCGTTATTTATGGGCATTCTGAAGCGGTTCATCTGGAATTAAAAAAACCTTTGACGGCTGACGATGCTCGCGCGCTTTTGGCAAAGGCACCCGGCGTTACTGTAGTGGATAATCTTTCTAAAGCAAGTTATCCCACAGCAATTAAGAATGCAGTCGGGCATGATGATGTTTTTGTAGGGCGCATAAGGCAGG,6
CGCTGTTGGTATTAGTCGTATTAATGTGGCGACTTACCAGTCTGTTTCCGGGACTGGCAAAAAAGCTATCAGCGAGCTGGTTGCTCAGGTAGGCGATCTTTTAAATGGGAGACCAGCTAATGTTCAAGTCTATCCTCAGCAAATTGCTTTTAATGCGCTTCCTCATATTGATCAGTTCGAAGACAATGGTTATACCCGAGAAGAGATGAAGATGGTCTGGGAAACCCGCAAGATTATGGAAGATGACAGCATTATGGTTAACCCTACAGCCGTCAGGGTTCCTGTTATTTATGGGCATTCTGAAGCGGTTCATCTGGAATTAAAAAAGCCTTTGACGGCTGACGATGCTCGCGCACTTTTGACAAAGGCACCCGGCGTTACTGTAGTGGATAATCTTTCTAAAGCAAGTTATCCCACAGCAATTAAGGATGCAGTCGGGCATGATGATGTTTTTGTAGGGCGCATAAGGCAGG,7
TGCTGTTGGTATCAGTCGTATCAATGTAGCGACTTACCAGTCTGTTTCCGGGACTGGCAAAAAAGCTATCAGCGAGCTGGTTGCTCAGGTAGGCGATCTTTTAAATGGCAGGCCAGCCAATGTTCAAGTTTATCCTCAGCAAATTGCTTTTAATGCGCTTCCTCATATTGATCAATTTGAAGACAATGGGTATACCCGAGAAGAGATGAAGATGGTCTGGGAAACTCGCAAGATTATGGAAGATGACAGCATTATGGTTAACCCTACAGCCGTCAGAGTTCCTGTTATTTATGGGCATTCTGAAGCGGTTCATCTGGAGTTAAAAAAGCCTTTGACGGCTGACGATGCCCGCGCGCTTTTAGCAAAAGCACCTGGCGTTACCGTAGTGGATAATCTTTCTAAAGCAAGTTATCCCACAGCAATTAAGAATGCAGTCGGGCATGATGATGTTTTTGTAGGGCGCATAAGACAGG,8
CGCTGTTGGTATTAGTCGTATTAATGTGGCGACTTACCAGTCTGTTTCCGGGACTGGCAAAAAAGCCATCAGCGAACTGGTTGCTCAGGTAGGCGATCTTTTAAATGGGAGACCAGCTAATGTTCAAGTCTATCCTCAGCAAATTGCTTTTAATGCGCTTCCTCATATTGATCAGTTCGAAGACAATGGTTATACCCGGGAAGAGATGAAGATGGTCTGGGAAACCCGCAAGATTATGGAAGATGACAGCATTATGGTTAACCCTACAGCCGTCAGGGTTCCCGTTATTTATGGGCATTCTGAAGCGGTTCATCTGGAATTAAAAAAGCCTTTGACGGCTGACGATGCTCGCGCGCTTTTGGCAAAGGCACCCGGCGTTACTGTAGTGGATAATCTTTCTAAAGCAAGTTATCCCACAGCAATTAAGAATGCAGTCGGGCATGATGATGTTTTTGTAGGGCGCATAAGGCAGG,9
CGCTGTTGGTATTAGTCGTATTAATGTGGCGACTTACCAGTCTGTTTCCGGGACTGGCAAAAAAGCCATCAGCGAGCTGGTTGCTCAGGTAGGCGATCTTTTAAATGGGAGGCCAGCTAATGTTCAAGTTTATCCTCAGCAAATTGCTTTTAATGCGCTTCCTCATATTGATCAGTTCGAAGACAATGGTTATACCCGAGAAGAGATGAAGATGGTCTGGGAAACCCGCAAGATTATGGAAGATGACAGCATTATGGTTAACCCTACAGCCGTCAGAGTTCCTGTTATTTATGGGCATTCTGAAGCGGTTCATCTGGAGTTAAAAAAGCCTTTGACGGCTGACGATGCTCGCGCGCTTTTGGCAAAGGCACCCGGCGTTACTGTAGTGGATAATCTTTCTAAAGCAAGTTATCCCACAGCAATTAAGAATGCAGTCGGGCATGATGATGTTTTTGTAGGGCGCATAAGACAGG,11
CGCTGTTGGTATTAGTCGTATTAATGTGGCGACTTACCAGTCTGTTTCCGGGACTGGCAAAAAAGCCATCAGCGAACTGGTTGCTCAGGTAGGCGATCTTTTAAATGGGAGACCAGCTAATGTTCAAGTCTATCCTCAGCAAATTGCTTTTAATGCGCTTCCTCATATTGATCAGTTCGAAGACAATGGTTATACCCGAGAAGAGATGAAGATGGTCTGGGAAACCCGCAAGATTATGGAAGATGACAGCATCATGGTTAACCCTACAGCCGTCAGGGTTCCTGTTATTTATGGGCATTCTGAAGCGGTTCATCTGGAATTAAAAAAGCCTTTGACGGCTGACGATGCTCGCGCGCTTTTGGCAAAGGCACCCGGCGTTACTGTAGTGGATAATCTTTCTAAAGCAAGTTATCCCACAGCAATTAAGAATGCAGTCGGGCATGATGATGTTTTTGTAGGGCGCATAAGGCAGG,14
CGCTGTTGGTATTAGTCGTATTAATGTGGCGACTTACCAGTCTGTTTCCGGGACTGGCAAAAAAGCCATCAGCGAGCTGGTTGCTCAGGTAGGCGATCTTTTAAATGGGAGACCAGCTAATGTTCAAGTCTATCCTCAGCAAATTGCTTTTAATGCGCTTCCTCATATTGATCAGTTCGAAGACAATGGTTATACCCGAGAAGAGATGAAGATGGTCTGGGAAACCCGCAAGATTATGGAAGATGACAGCATCATGGTTAACCCTACAGCCGTCAGGGTTCCTGTTATTTATGGGCATTCTGAAGCGGTTCATCTGGAGTTAAAAAAGCCTTTGACGGCTGACGATGCTCGCGCGCTTTTGGCAAAGGCACCCGGCGTTACTGTAGTGGATAATCTTTCTAAAGCAAGTTATCCCACAGCAATTAAGAATGCAGTCGGGCATGATGATGTTTTTGTAGGGCGCATAAGGCAGG,15
CGCTGTTGGTATTAGTCGTATCAATGTAGCGACTTATCAGTCTGTTTCCGGGACTGGCAAAAAAGCCATCAGCGAGCTGGTTGCTCAGGTAGGTGATCTTTTAAATGGAAGACCAGCTAATGTTCAAGTTTATCCTCAGCAAATTGCTTTTAATGCACTTCCGCATATTGATCAATTTGAAGACAATGGCTATACCCGAGAAGAGATGAAGATGGTCTGGGAAACTCGCAAGATTATGGAAGATGACAGCATTATGGTTAACCCTACAGCCGTCAGGGTTCCTGTTATTTATGGGCATTCTGAAGCGGTTCATCTGGAATTAAAAAAACCTTTGACGGCTGACGATGCTCGTGCGCTTTTGGCAAAAGCACCTGGAGTTACTGTAGTGGATAATACTGCTAAAGCAAGTTATCCCACTGCAATTAAGGATGCAGTCGGACATGATGATGTTTTTGTAGGGCGTATAAGACAGG,16
CGCTGTTGGTATTAGTCGTATTAATGTGGCGACTTACCAGTCTGTTTCCGGGACTGGCAAAAAAGCCATCAGCGAGCTGGTTGCTCAGGTAGGCGATCTTTTAAATGGGAGACCAGCTAATGTTCAAGTTTATCCTCAGCAAATTGCTTTTAATGTGCTTCCTCATATTGATCAGTTCGAAGACAATGGTTATACCCGAGAAGAGATGAAGATGGTCTGGGAAACCCGCAAGATTATGGAAGATGACAGCATTATGGTTAACCCTACAGCCGTCAGGGTTCCTGTTATTTATGGGCATTCTGAAGCGGTTCATCTGGAATTAAAAAAGCCTTTGACGGCTGACGATGCTCGCGCGCTTTTGGCAAAGGCACCCGGCGTTACTGTAGTGGATAATCTTTCTAAAGCAAGTTATCCCACAGCAATTAAGAATGCAGTCGGGCATGATGATGTTTTTGTAGGGCGCATAAGGCAGG,17
CGCTGTTGGTATTAGTCGTATTAATGTGGCGACTTACCAGTCTGTTTCCGGGACTGGCAAAAAAGCCATCAGCGAACTGGTTGCTCAGGTAGGCGATCTTTTAAATGGGAGACCAGCTAATGTTCAAGTCTATCCTCAGCAAATTGCTTTTAATGCGCTTCCTCATATTGATCAGTTCGAAGACAATGGTTATACCCGGGAAGAGATGAAGATGGTCTGGGAAACCCGCAAGATTATGGAAGATGACAGCATTATGGTTAACCCTACAGCCGTCAGGGTTCCCGTTATTTATGGGCATTCTGAAGCGGTTCATCTGGAATTAAAAAAGCCTTTGACGGCTGACGATGCTCGCGCGCTTTTGGCAAAAGCACCCGGCGTTACTGTAGTGGATAATCTTTCTAAAGCAAGTTATCCCACAGCAATTAAGAATGCAGTCGGGCATGATGATGTTTTTGTAGGGCGCATAAGGCAGG,18
CGCTGTTGGTATTAGTCGTATTAATGTGGCGACTTACCAGTCTGTTTCCGGGACTGGCAAAAAAGCCATCAGCGAACTGGTTGCTCAGGTAGGCGATCTTTTAAATGGGAGACCAGCTAATGTTCAAGTCTATCCTCAGCAAATTGCTTTTAATGCGCTTCCTCATATTGATCAGTTCGAAGACAATGGTTATACCCGAGAAGAGATGAAGATGGTCTGGGAAACCCGCAAGATTATGGAAGATGACAGCATCATGGTTAACCCTACAGCCGTCAGGGTTCCTGTTATTTATGGGCATTCTGAAGCGGTTCATCTGGAGTTAAAAAAGCCTTTGACGGCTGACGATGCTCGCGCGCTTTTGGCAAAGGCACCCGGCGTTACTGTAGTGGATAATCTTTCTAAAGCAAGTTATCCCACAGCAATTAAGAATGCAGTCGGGCATGATGATGTTTTTGTAGGGCGCATAAGGCAGG,19
CGCTGTTGGTATTAGTCGTATTAATGTGGCGACTTACCAGTCTGTTTCCGGGACTGGCAAAAAAGCCATCAGCGAGCTGGTTGCTCAGGTAGGCGATCTTTTAAATGGGAGACCAGCTAATGTTCAAGTTTATCCTCAGCAAATTGCTTTTAATGCGCTTCCTCATATTGATCAGTTCGAAGACAATGGTTATACCCGAGAAGAGATGAAGATGGTCTGGGAAACCCGCAAGATTATGGAAGATGACAGCATTATGGTTAACCCTACAGCCGTCAGGGTTCCTGTTATTTATGGGCATTCTGAAGCGGTTCATCTGGAATTAAAAAAGCCTTTGACGGCTGACGATGCTCGCGCGCTTTTGGCAAAGGCACCCGGCGTTACTGTAGTGGATAATCTTTCTAAAGCAAGTTATCCCACAGCAATTAAGAATGCAGTCGGGCATGATGATGTTTTTGTAGGGCGCATAAGGCAGG,21
CGCTGTTGGTATTAGTCGTATTAATGTGGCGACTTACCAGTCTGTTTCCGGGACTGGCAAAAAAGCCATCAGCGAGCTGGTTGCTCAGGTAGGCGATCTTTTAAATGGGAGACCAGCTAATGTTCAAGTCTATCCTCAGCAAATTGCTTTTAATGCGCTTCCTCATATTGATCAGTTCGAAGACAATGGTTATACCCGAGAAGAGATGAAGATGGTCTGGGAAACCCGCAAGATTATGGAAGATGACAGCATCATGGTTAACCCTACAGCCGTCAGGGTTCCTGTTATTTATGGGCATTCTGAAGCGGTTCATCTGGAGTTAAAAAAGCCTTTGACGGCTGACGATGCTCGCGCGCTTTTGGCAAAGGCACCCGGCGTTACTGTAGTGGATAATCTTTCTAAAGCAAGTTATCCCACAGCAATTAAGAATGCAGTCGGGCATGATGATGTTTTTGTAGGGCGCATAAGACAGG,22
CGCTGTTGGTATTAGTCGTATTAATGTGGCGACTTACCAGTCTGTTTCCGGGACTGGCAAAAAAGCCATCAGCGAGCTGGTTGCTCAGGTAGGCGATCTTTTAAATGGGAGGCCAGCTAATGTTCAAGTTTATCCTCAGCAAATTGCTTTTAATGCGCTTCCTCATATTGATCAGTTCGAAGACAATGGTTATACCCGAGAAGAGATGAAGATGGTCTGGGAAACCCGCAAGATTATGGAAGATGACAGCATTATGGTTAACCCTACAGCCGTCAGAGTTCCTGTTATTTATGGGCATTCTGAAGCGGTTCATCTTGAGTTAAAAAAGCCTTTGACGGCTGACGATGCTCGCGCGCTTTTGGCAAAGGCACCCGGCGTTACTGTAGTGGATAATCTTTCTAAAGCACGTTATCCCACAGCAATTAAGAATGCAGTCGGGCATGATGATGTTTTTGTAGGGCGCATAAGACAGG,26
CGCTGTTGGTATTAGTCGTATTAATGTGGCGACTTACCAGTCTGTTTCCGGGACTGGCAAAAAAGCCATCAGCGAACTGGTTGCTCAGGTAGGCGATCTTTTAAATGGGAGACCAGCTAATGTTCAAGTCTATCCTCAGCAAATTGCTTTTAATGCGCTTCCTCATATTGATCAGTTCGAAGACAATGGTTATACCCGAGAAGAGATGAAGATGGTCTGGGAAACCCGCAAGATTATGGAAGATGACAGCATTATGGTTAACCCTACAGCCGTCAGGGTTCCCGTTATTTATGGGCATTCTGAAGCGGTTCATCTGGAATTAAAAAAGCCTTTGACGGCTGACGATGCTCGCGCGCTTTTGGCAAAAGCACCCGGCGTTACTGTAGTGGATAATCTTTCTAAAGCAAGTTATCCCACAGCAATTAAGAATGCAGTCGGGCATGATGATGTTTTTGTAGGGCGCATAAGGCAGG,10
CGCTGTTGGTATTAGTCGTATTAATGTGGCGACTTACCAGTCTGTTTCCGGAACTGGCAAAAAAGCCATCAGCGAGCTGGTTGCTCAGGTAGGCGATCTTTTAAATGGGAGACCAGCTAATGTTCAAGTTTATCCTCAGCAAATTGCTTTTAATGCGCTTCCTCATATTGATCAGTTTGAAGACAATGGTTATACACGAGAAGAGATGAAGATGGTCTGGGAAACCCGCAAGATTATGGAAGATGACAGCATTATGGTTAACCCTACAGCCGTCAGGGTTCCTGTAATTTATGGGCATTCTGAAGCGGTTCATCTGGAATTAAAAAAGCCTTTGACGGCTGACGATGCTCGCGCGCTTTTGGCAAAGGCACCCGGCGTTACTGTAGTGGATAATCTTTCTAAAGCAAGTTATCCCACAGCAATTAAGAATGCAGTCGGGCATGATGATGTTTTTGTAGGGCGCATAAGACAGG,12
CGCTGTTGGTATTAGTCGTATCAATGTAGCGACTTATCAGTCTGTTTCCGGGACTGGCAAAAAAGCCATCAGCGAGCTGGTTGCTCAGGTAGGCGATCTTTTAAATGGAAGACCAGCTAATGTTCAAGTTTATCCTCAGCAAATTGCTTTTAATGCGCTTCCGCATATTGATCAGTTTGAAGACAATGGCTATACCCGAGAAGAGATGAAGATGGTTTGGGAAACTCGCAAGATTATGGAAGATGACAGCATTATGGTTAACCCTACAGCCGTCAGGGTTCCTGTTATTTATGGGCATTCTGAAGCGGTTCATCTGGAATTAAAAAAACCTTTGACGGCTGACGATGCTCGTGCGCTTTTGGCAAAAGCACCTGGAGTTACTGTAGTGGATAATACTGCTAAAGCAAGTTATCCCACTGCAATTAAGGATGCAGTCGGACATGATGATGTTTTTGTAGGGCGTATAAGACAGG,13
CGCTGTTGGTATTAGTCGTATTAATGTGGCGACTTACCAGTCTGTTTCCGGGACTGGCAAAAAAGCCATCAGCGAGCTGGTTGCTCAGGTAGGCGATCTTTTAAATGGGAGACCAGCTAATGTTCAAGTCTATCCTCAGCAAATTGCTTTTAATGCGCTTCCTCATATTGATCAGTTCGAAGACAATGGTTATACCCGAGAAGAGATGAAGATGGTCTGGGAAACCCGCAAGATTATGGAAGATGATAGCATCATGGTTAACCCTACAGCCGTCAGGGTTCCTGTTATTTATGGGCATTCTGAAGCGGTTCATCTGGAGTTAAAAAAGCCTTTGACGGCTGACGATGCTCGCGCGCTTTTGGCAAAGGCACCCGGCGTTACTGTAGTGGATAATCTTTCTAAAGCAAGTTATCCCACAGCAATTAAGAATGCAGTCGGGCATGATGATGTTTTTGTAGGGCGCATAAGGCAGG,20
CGCTGTTGGTATTAGTCGTATTAATGTGGCGACTTACCAGTCTGTTTCCGGGACTGGCAAAAAAGCCATCAGCGAACTGGTTGCTCAGGTAGGCGATCTTTTAAATGGGAGACCAGCTAATGTTCAAGTCTATCCTCAGCAAATTGCTTTTAATGCGCTTCCTCATATTGATCAGTTCGAAGACAATGGTTATACTCGAGAAGAGATGAAGATGGTCTGGGAAACCCGCAAGATTATGGAAGATGACAGCATTATGGTTAACCCTACAGCCGTCAGGGTTCCCGTTATTTATGGGCATTCTGAAGCGGTTCATCTGGAATTAAAAAAGCCTTTGACGGCTGACGATGCTCGCGCGCTTTTGGCAAAGGCACCCGGCGTTACTGTAGTGGATAATCTTTCTAAAGCAAGTTATCCCACAGCAATTAAGAATGCAGTCGGGCATGATGATGTTTTTGTAGGGCGCATAAGGCAGG,23
CGCTGTTGGTATTAGTCGTATTAATGTGGCGACTTACCAGTCTGTTTCCGGGACTGGCAAAAAAGCCATCAGCGAGCTGGTTGCTCAGGTAGGCGATCTTTTAAATGGGAGACCAGCTAATGTTCAAGTCTATCCTCAGCAAATTGCTTTTAATGCGCTTCCTCATATTGATCAGTTCGAAGACAATGGTTATACCCGGGAAGAGATGAAGATGGTCTGGGAAACCCGCAAGATTATGGAAGATGACAGCATCATGGTTAACCCTACAGCCGTCAGGGTTCCTGTTATTTATGGGCATTCTGAAGCGGTTCATCTGGAGTTAAAAAAGCCTTTGACGGCTGACGATGCTCGCGCGCTTTTGGCAAAGGCACCCGGCGTTACTGTAGTGGATAATCTTTCTAAAGCAAGTTATCCCACAGCAATTAAGAATGCAGTCGGGCATGATGATGTTTTTGTAGGGCGCATAAGGCAGG,24
CGCTGTTGGCATTAGTCGTATCAATGTAGCAACTTATCAGTCTGTTTCCGGGACTGGCAAAAAAGCCATCAGCGAGCTGGTTGCTCAGGTAGGCGATCTTTTAAATGGGAGACCAGCTAATGTTCAAGTTTATCCTCAGCAAATTGCTTTTAATGCGCTTCCGCATATTGATCAATTTGAAGACAATGGCTATACCCGAGAAGAGATGAAGATGGTCTGGGAAACTCGCAAGATTATGGAAGATGACAGCATTATGGTTAACCCTACAGCCGTCAGGGTTCCTGTTATTTATGGGCATTCTGAAGCAGTTCATCTGGAATTAAAAAAACCTTTGACGGCTGACGATGCTCGTGCACTTTTGGCAAAAGCGCCTGGTGTTACTGTAGTGGATAATCCTGCTAAAGCAAGTTATCCCACTGCAATTCAGGATGCAGTCGGACATGATGATGTTTTTGTAGGGCGTATAAGACAGG,25
TGCTGTTGGTATTAGTCGTATCAATGTAGCGACTTACCAGTCTGTTTCTGGAACTGGCAAAAAAGCTATCAGCGAGCTGGTTGCTCAGGTAGGCGATCTGTTGAATGGGAGACCGGCTAATGTTCAAGTTTATCCTCAGCAAATTGCGTTTAATGCGCTTCCTCATATTGATCAATTTGAAGACAATGGTTATACCCGAGAAGAGATGAAGATGGTCTGGGAAACTCGCAAGATTATGGAAGATGACAGTATTATGGTTAACCCTACAGCCGTCAGAGTTCCTGTAATTTATGGGCATTCTGAAGCAGTTCATCTTGAATTAAAAAAACCTTTGACTGCTGACGATGCGCGAGCGCTTTTAGCAAAAGCACCTGGCGTTACTGTAGTGGATAATCTTTCTAAAGCAAGTTATCCCACAGCAATTAAGGATGCGGTCGGGCATGATGATGTTTTTGTAGGACGTATAAGGCAGG,27
CGCTGTTGGTATTAGTCGTATTAATGTGGCGACTTACCAGTCTGTTTCCGGGACTGGCAAAAAAGCCATCAGCGAGCTGGTTGCTCAGGTAGGCGATCTTTTAAATGGGAGGCCAGCTAATGTTCAAGTTTATCCTCAGCAAATTGCTTTTAATGCGCTTCCTCATATTGATCAGTTCGAAGACAATGGTTATACCCGAGAAGAGATGAAGATGGTCTGGGAAACTCGCAAGATTATGGAAGATGACAGCATTATGGTTAACCCTACAGCCGTCAGAGTTCCTGTTATTTATGGGCATTCTGAAGCGGTTCATCTGGAGTTAAAAAAGCCTTTGACGGCTGACGATGCTCGCGCGCTTTTGGCAAAGGCACCCGGCGTTACTGTAGTGGATAATCTTTCTAAAGCAAGTTATCCCACTGCAATTAAGGATGCAGTCGGACATGATGATGTTTTTGTAGGGCGTATAAGACAGG,28
CGCTGTTGGTATTAGTCGTATCAATGTAGCGACTTACCAGTCTGTTTCCGGGACTGGCAAAAAAGCCATCAGCGAGCTGGTTGCTCAGGTAGGCGATCTTTTAAATGGGAGGCCAGCTAATGTTCAAGTTTATCCTCAGCAAATTGCTTTTAATGCGCTTCCTCATATTGATCAGTTCGAAGACAATGGTTATACCCGAGAAGAGATGAAGATGGTCTGGGAAACTCGCAAGATTATGGAAGATGACAGCATTATGGTTAACCCTACAGCCGTCAGAGTTCCTGTTATTTATGGGCATTCTGAAGCGGTTCATCTGGAGTTAAAAAAGCCTTTGACGGCTGACGATGCTCGCGCGCTTTTGGCAAAGGCACCCGGCGTTACTGTAGTGGATAATCTTTCTAAAGCAAGTTATCCCACTGCAATTAAGGATGCAGTCGGACATGATGATGTTTTTGTAGGGCGTATAAGACAGG,29
CGCTGTTGGTATTAGTCGTATTAATGTGGCGACTTACCAGTCTGTTTCCGGGACTGGCAAAAAAGCCATCAGCGAGCTGGTTGCTCAGGTAGGCGATCTTTTAAATGGGAGACCAGCTAATGTTCAAGTCTATCCTCAGCAAATTGCTTTTAATGTGCTTCCTCATATTGATCAGTTCGAAGACAATGGTTATACCCGAGAAGAGATGAAGATGGTCTGGGAAACCCGCAAGATTATGGAAGATGACAGCATTATGGTTAACCCTACAGCCGTCAGGGTTCCTGTTATTTATGGGCATTCTGAAGCGGTTCATCTGGAATTAAAAAAGCCTTTGACGGCTGACGATGCTCGCGCGCTTTTGGCAAAGGCACCCGGCGTTACTGTAGTGGATAATCTTTCTAAAGCAAGTTATCCCACAGCAATTAAGAATGCAGTCGGGCATGATGATGTTTTTGTAGGGCGCATAAGGCAGG,30
CGCTGTTGGTATTAGTCGTATTAATGTGGCTACTTACCAGTCTGTTTCCGGGACTGGCAAAAAAGCCATCAGCGAGCTGGTTGCTCAGGTAGGCGATCTTTTAAATGGGAGACCAGCTAATGTTCAAGTTTATCCTCAGCAAATTGCTTTTAATGTGCTTCCTCATATTGATCAGTTCGAAGACAATGGTTATACCCGAGAAGAGATGAAGATGGTCTGGGAAACCCGCAAGATTATGGAAGATGACAGCATTATGGTTAACCCTACAGCCGTCAGGGTTCCTGTTATTTATGGGCATTCTGAAGCGGTTCATCTGGAATTAAAAAAGCCTTTGACGGCTGACGATGCTCGCGCGCTTTTGGCAAAGGCACCCGGCGTTACTGTAGTGGATAATCTTTCTAAAGCAAGTTATCCCACAGCAATTAAGAATGCAGTCGGGCATGATGATGTTTTTGTAGGGCGCATAAGGCAGG,31
CGCTGTTGGTATTAGTCGTATCAATGTAGCGACTTATCAGTCTGTTTCCGGGACTGGCAAAAAAGCCATCAGCGAGCTGGTTGCTCAGGTAGGTGATCTTTTAAATGGAAGACCAGCTAATGTTCAAGTTTATCCTCAGCAAATTGCTTTTAATGCACTTCCGCATATTGATCGATTTGAAAACAATGGCTATACCCGAGAAGAGATGAAGATGGTCTGGGAAACTCGCAAGATTATGGAAGATGACAGCATTATGGTTAACCCTACAGCCGTCAGGGTTCCTGTTATTTATGGGCATTCTGAAGCGGTTCATCTGGAATTAAAAAAACCTTTGACGGCTGACGATGCTCGTGCGCTTTTGGCAAAAGCACCTGGAGTTACTGTAGTGGATAATACTGCTAAAGCAAGTTATCCCACTGCAATTAAGGATGCAGTCGGACATGATGATGTTTTTGTAGGGCGTATAAGACAGG,32
CGCTGTTGGTATTAGTCGTATTAATGTGGCGACTTACCAGTCTGTTTCCGGAACTGGCAAAAAAGCCATCAGCGAGCTGGTTGCTCAGGTAGGCGATCTTTTAAATGGGAGACCAGCTAATGTTCAAGTTTATCCTCAGCAAATTGCTTTTAATGCGCTTCCTCATATTGATCAGTTTGAAGACAATGGTTATACACGAGAAGAGATGAAGATGGTCTGGGAAACCCGCAAGATTATGGAAGATGACAGCATTATGGTTAACCCTACAGCCGTCAGGGTTCCTGTAATTTATGGGCATTCTGAAGCGGTTCATCTGGAATTAAAAAAGCCTTTGACGGCTGACGATGCTCGCGCGCTTTTGGCAAAGGCACCCGGCGTTACTGTAGTGGATAATCTTTCTAAAGCAAGTTATCCCACAGCAATCAAGAATGCAGTCGGGCATGATGATGTTTTTGTAGGGCGCATAAGACAGG,33
CGCTGTTGGTATTAGTCGTATTAATGTGGCGACTTACCAGTCTGTTTCCGGGACTGGCAAAAAAGCCATCAGCGAGCTGGTTGCTCAGGTAGGCGATCTTTTAAATGGGAGACCAGCTAATGTTCAAGTTTATCCTCAGCAAATTGCTTTTAATGCGCTTCCTCATATTGATCAGTTCGAAGACAATGGTTATACCCGAGAAGAGATGAAGATGGTCTGGGAAACCCGCAAGATTATGGAAGATGACAGCATTATGGTTAACCCTACAGCCGTCAGAGTTCCTGTTATTTATGGGCATTCTGAAGCGGTTCATCTGGAATTAAAAAAGCCTTTGACGGCTGACGATGCTCGCGCGCTTTTGGCAAAGGCACCCGGCGTTACTGTAGTGGATAATCTTTCTAAAGCAAGTTATCCCACAGCAATTAAGAATGCAGTCGGGCATGATGATGTTTTTGTAGGGCGCATAAGGCAGG,34
CGCTGTTGGTATTAGTCGTATTAATGTGGCGACTTACCAGTCTGTTTCCGGGACTGGCAAAAAAGCCATCAGCGAACTGGTTGCTCAGGTAGGCGATCTTTTAAATGGGAGACCAGCTAATGTTCAAGTCTATCCTCAGCAAATTGCTTTTAATGCGCTTCCTCATATTGATCAGTTCGAAGACAATGGTTATACCCGGGAAGAGATGAAGATGGTCTGGGAAACCCGCAAGATTATGGAAGATGACAGCATTATGGTTAACCCTACAGCCGTCAGGGTTCCCGTTATTTATGGGCATTCTGAAGCGGTTCATCTGGAATTAAAAAAGCCTTTGACGGCTGACGATGCTCGCGCGCTTTTGTCAAAGGCACCCGGCGTTACTGTAGTGGATAATCTTTCTAAAGCAAGTTATCCCACAGCAATTAAGAATGCAGTCGGGCATGATGATGTTTTTGTAGGGCGCATAAGGCAGG,35
CGCTGTTGGTATTAGTCGTATCAATGTAGCGACTTATCAGTCTGTTTCCGGGACTGGCAAAAAAGCCATCAGCGAGCTGGTTGCTCAGGTAGGCGATCTTTTAAATGGGAGACCAGCTAATGTTCAAGTTTATCCTCAGCAAATTGCTTTTAATGCGCTTCCGCATATTGATCAATTTGAAGACAATGGCTATACCCGAGAAGAGATGAAGATGGTCTGGGAAACTCGCAAGATTATGGAAGATGACAGTATTATGGTTAACCCTACAGCCGTCAGGGTTCCTGTTATTTATGGGCATTCTGAAGCAGTTCATCTGGAATTAAAAAAACCTTTGACGGCTGACGATGCTCGCGCGCTTTTAGCAAAAGCGCCTGGTGTTACTGTAGTGGATAATCCTGCTAAAGCAAGTTATCCGACTGCAATTAAGGATGCAGTCGGACATGATGATGTTTTTGTAGGGCGTATAAGACAGG,36
CGCTGTTGGTATTAGTCGTATTAATGTGGCGACTTACCAGTCTGTTTCCGGGACTGGCAAAAAAGCCATCAGCGAGCTGGTTGCTCAGGTAGGCGATCTTTTAAATGGGAGACCAGCTAATGTTCAAGTCTATCCTCAGCAAATTGCTTTTAATGCGCTTCCTCATATTGATCAGTTCGAAGACAATGGTTATACCCGAGAAGAGATGAAGATGGTCTGGGAAACCCGCAAGATTATGGAAGATGACAGCATCATGGTTAACCCTACAGCCGTCAGGGTTCCTGTTATATATGGGCATTCTGAAGCGGTTCATCTGGAGTTAAAAAAGCCTTTGACGGCTGACGATGCTCGCGCGCTTTTGGCAAAGGCACCCGGCGTTACTGTAGTGGATAATCTTTCTAAAGCAAGTTATCCCACAGCGATTAAGAATGCAGTCGGGCATGATGATGTTTTTGTAGGGCGCATAAGACAGG,37
CGCTGTTGGTATTAGTCGTATTAATGTGGCGACTTACCAGTCTGTTTCCGGGACTGGCAAAAAAGCCATCAGCGAGCTGGTTGCTCAGGTAGGCGATCTTTTAAATGGGAGACCAGCTAATGTTCAAGTCTATCCTCAGCAAATTGCTTTTAATGCGCTTCCTCATATTGATCAGTTCGAAGACAATGGTTATACCCGAGAAGAGATGAAGATGGTCTGGGAAACCCGCAAGATTATGGAAGATGACAGCATCATGGTTAACCCTACAGCCGTCAGGGTTCCTGTTATTTATGGGCATTCTGAAGCGGTTCATCTGGAATTAAAAAAGCCTTTGACGGCTGACGATGCTCGCGCGCTTTTGGCAAAGGCACCCGGCGTTACTGTAGTGGATAATCTTTCTAAAGCAAGTTATCCCACAGCAATTAAGAATGCAGTCGGGCATGATGATGTTTTTGTAGGGCGCATAAGGCAGG,38
CGCTGTTGGTATTAGTCGTATTAATGTGGCGACTTACCAGTCTGTTTCCGGGACTGGCAAAAAAGCCATCAGCGAGCTGGTTGCTCAGGTAGGCGATCTTTTAAATGGGAGACCAGCTAATGTTCAAGTTTATCCTCAGCAAATTGCTTTTAATGTGCTTCCTCATATTGATCAGTTCGAAGACAATGGTTATACCCGGGAAGAGATGAAGATGGTCTGGGAAACCCGCAAGATTATGGAAGATGACAGCATTATGGTTAACCCTACAGCCGTCAGGGTTCCTGTTATTTATGGGCATTCTGAAGCGGTTCATCTGGAATTAAAAAAGCCTTTGACGGCTGACGATGCTCGCGCGCTTTTGGCAAAGGCACCCGGCGTTACTGTAGTGGATAATCTTTCTAAAGCAAGTTATCCCACAGCAATTAAGAATGCAGTCGGGCATGATGATGTTTTTGTAGGGCGCATAAGGCAGG,39
CGCTGTTGGTATTAGTCGTATTAATGTGGCGACTTACCAGTCTGTTTCCGGGACTGGCAAAAAAGCCATCAGCGAACTGGTTGCTCAGGTAGGCGATCTTTTAAATGGGAGACCAGCTAATGTTCAAGTCTATCCTCAGCAAATTGCTTTTAATGCGCTTCCTCATATTGATCAGTTCGAAGACAATGGTTATACTCGGGAAGAGATGAAGATGGTCTGGGAAACCCGCAAGATTATGGAAGATGACAGCATTATGGTTAACCCTACAGCCGTCAGGGTTCCCGTTATTTATGGGCATTCTGAAGCGGTTCATCTGGAATTAAAAAAGCCTTTGACGGCTGACGATGCTCGCGCGCTTTTGGCAAAGGCACCCGGCGTTACTGTAGTGGATAATCTTTCTAAAGCAAGTTATCCCACAGCAATTAAGAATGCAGTCGGGCATGATGATGTTTTTGTAGGGCGCATAAGGCAGG,40
CGCTGTTGGTATTAGTCGTATTAATGTGGCGACTTACCAGTCTGTTTCCGGGACTGGCAAAAAAGCCATCAGCGAACTGGTTGCTCAGGTAGGCGATCTTTTAAATGGGAGACCAGCTAATGTTCAAGTCTATCCTCAGCAAATTGCTTTTAATGCGCTTCCTCATATTGATCAGTTCGAAGACAATGGTTATACCCGGGAAGAGATGAAGATGGTCTGGGAAACCCGCAAGATTATGGAAGATGACAGCATTATGGTTAACCCTACAGCTGTCAGGGTTCCCGTTATTTATGGGCATTCTGAAGCGGTTCATCTGGAATTAAAAAAGCCTTTGACGGCTGACGATGCTCGCGCGCTTTTGGCAAAGGCACCCGGCGTTACTGTAGTGGATAATCTTTCTAAAGCAAGTTATCCCACAGTAATTAAGAATGCAGTTGGGCATGATGATGTTTTTGTAGGGCGCATAAGACAGG,41
CGCTGTTGGTATTAGTCGTATTAATGTGGCGACTTACCAGTCTGTTTCCGGGACTGGCAAAAAAGCCATCAGCGAACTGGTTGCTCAGGTAGGCGATCTTTTAAATGGGAGACCAGCTAATGTTCAAGTCTATCCTCAGCAAATTGCTTTTAATGCGCTTCCTCATATTGATCAGTTCGAAGACAATGGTTATACCCGGGAAGAGATGAAGATGGTCTGGGAAACCCGCAAGATTATGGAAGATGACAGCATTATGGTTAACCCTACAGCTGTCAGGGTTCCCGTCATTTATGGGCATTCTGAAGCGGTTCATCTGGAATTAAAAAAGCCTTTGACGGCTGACGATGCTCGCGCGCTTTTGGCAAAGGCACCCGGCGTTACTGTAGTGGATAATCTTTCTAAAGCAAGTTATCCCACAGCAATTAAGAATGCAGTTGGGCATGATGATGTTTTTGTAGGGCGCATAAGACAGG,42
CGCTGTTGGTATTAGTCGTATCAATGTAGCGACTTATCAGTCTGTTTCCGGGACTGGCAAAAAAGCCATCAGCGAGCTGGTTGCTCAGGTAGGTGATCTTTTAAATGGAAGACCAGCTAATGTTCAAGTTTATCCTCAGCAAATTGCTTTTAATGCGCTTCCGCATATTGATCAATTTGAAGACAATGGCTATACCCGAGAAGAGATGAAGATGGTCTGGGAAACTCGCAAGATTATGGAAGATGACAGCATTATGGTTAACCCTACAGCCGTCAGGGTTCCTGTTATTTATGGGCATTCTGAAGCGGTTCATCTGGAATTAAAAAAACCTTTGACGGCTGACGATGCTCGTGCGCTTTTGGCAAAAGCACCTGGAGTTACTGTAGTGGATAATACTGCTAAAGCAAGTTATCCCACTGCAATTAAGGATGCAGTCGGACATGATGATGTTTTTGTAGGGCGTATAAGACAGG,43
CGCTGTTGGTATTAGTCGTATCAATGTAGCGACTTATCAGTCTGTTTCCGGGACTGGCAAAAAAGCCATCAGCGAGCTGGTTGCTCAGGTAGGTGATCTTTTAAATGGAAGACCAGCTAATGTTCAAGTTTATCCTCAGCAAATTGCTTTTAATGCGCTTCCTCATATTGATCAGTTCGAAGACAATGGTTATACCCGAGAAGAGATGAAGATGGTCTGGGAAACCCGCAAAATTATGGAAGATGACAGCATTATGGTTAACCCTACAGCCGTCAGGGTTCCTGTTATTTATGGGCATTCTGAAGCGGTTCATCTGGAATTAAAAAAACCTTTGACGGCTGACGATGCTCGTGCGCTTTTGGCAAAAGCACCTGGAGTTACTGTAGTGGATAATACTGCTAAAGCAAGTTATCCCACTGCAATTAAGGATGCAGTCGGACATGATGATGTTTTTGTAGGGCGTATAAGACAGG,44
CGCCGTTGGTATTAGTCGTATTAATGTGGCGACTTACCAGTCTGTTTCCGGGACTGGCAAAAAAGCCATCAGCGAGCTGGTTGCTCAGGTAGGCGATCTTTTAAATGGGAGACCAGCTAATGTTCAAGTCTATCCTCAGCAAATTGCTTTTAATGCGCTTCCTCATATTGATCAGTTCGAAGACAATGGTTATACCCGAGAAGAGATGAAGATGGTCTGGGAAACCCGCAAGATTATGGAAGATGACAGCATCATGGTTAACCCTACAGCCGTCAGGGTTCCTGTTATTTATGGGCATTCTGAAGCGGTTCATCTGGAGTTAAAAAAGCCTTTGACGGCTGACGATGCTCGCGCGCTTTTGGCAAAGGCACCCGGCGTTACTGTAGTGGATAATCTTTCTAAAGCAAGTTATCCCACAGCAATTAAGAATGCAGTCGGGCATGATGATGTTTTTGTAGGGCGCATAAGACAGG,45
TGCTGTTGGTATTAGTCGTATTAATGTGGCGACTTACCAGTCTGTTTCCGGGACTGGCAAAAAAGCCATCAGCGAACTGGTTGCTCAGGTAGGCGATCTTTTAAATGGGAGACCAGCTAATGTTCAAGTCTATCCTCAGCAAATTGCTTTTAATGCGCTTCCTCATATTGATCAGTTCGAAGACAATGGTTATACCCGGGAAGAGATGAAGATGGTCTGGGAAACCCGCAAGATTATGGAAGATGACAGCATTATGGTTAACCCTACAGCCGTCAGGGTTCCCGTTATTTATGGGCATTCTGAAGCGGTTCATCTGGAATTAAAAAAGCCTTTGACGGCTGACGATGCTCGCGCGCTTTTGGCAAAGGCACCCGGCGTTACTGTAGTGGATAATCTTTCTAAAGCAAGTTATCCCACAGCAATTAAGAATGCAGTCGGGCATGATGATGTTTTTGTAGGGCGCATAAGGCAGG,46
CGCTGTTGGTATTAGTCGTATTAATGTGGCGACTTACCAGTCTGTTTCCGGGACTGGCAAAAAAGCCATCAGCGAGCTGGTTGCTCAGGTAGGCGATCTTTTAAATGGGAGACCAGCTAATGTTCAAGTCTATCCTCAGCAAATTGCTTTTAATGTGCTTCCTCATATTGATCAGTTCGAAGACAATGGTTATACCCGAGAAGAGATGAAGATGGTCTGGGAAACCCGCAAGATTATGGAAGATGACAGCATTATGGTTAACCCTACAGCCGTCAGGGTTCCTGTTATTTATGGGCATTCTGAAGCGGTTCATCTGGAATTAAAAAAGCCTTTGACGGCTGACGATGCTCGCGCGCTTTTGGCAAAGGCACCCGGCGTTACTGTAGTGGATAATCTTTCTAAAGCAAGTTATCCCACAGCAATTCAGAATGCAGTCGGGCATGATGATGTTTTTGTAGGGCGCATAAGGCAGG,47
CGCTGTTGGTATTAGTCGTATTAATGTGGCGACTTACCAGTCTGTTTCCGGGACTGGCAAAAAAGCCATCAGCGAGCTGGTTGCTCAGGTAGGCGATCTTTTAAATGGGAGACCAGCTAATGTTCAAGTTTATCCTCAGCAAATTGCTTTTAATGTGCTTCCTCATATTGATCAGTTCGAAGACAATGGTTATACCCGAGAAGAGATGAAGATGGTCTGGGAAACCCGCAAGATTATGGAAGATGACAGCATTATGGTTAACCCTACAGCCGTCAGGGTTCCTGTTATTTATGGGCATTCTGAAGCGGTTCATCTGGAGTTAAAAAAGCCTTTGACGGCTGACGATGCTCGCGCGCTTTTGGCAAAGGCACCCGGCGTTACTGTAGTGGATAATCTTTCTAAAGCAAGTTATCCCACAGCAATTAAGAATGCAGTCGGGCATGATGATGTTTTTGTAGGGCGCATAAGGCAGG,48
CGCTGTTGGTATTAGTCGTATTAATGTGGCGACTTACCAGTCTGTTTCCGGGACTGGCAAAAAAGCCATCAGCGAACTGGTTGCTCAGGTAGGCGATCTTTTAAATGGGAGACCAGCTAATGTTCAAGTCTATCCTCAGCAAATTGCTTTTAATGCGCTTCCTCATATTGATCAGTTCGAAGACAATGGTTATACCCGAGAAGAGATGAAGATGGTCTGGGAAACCCGCAAGATTATGGAAGATGACAGCATCATGGTTAACCCTACAGCCGTCAGGGTTCCTGTTATTTATGGGCATTCTGAAGCGGTTCATCTGGAATTAAAAAAGCCTTTGACGGCTGACGATGCTCGCGCGCTTTTGACAAAGGCACCCGGCGTTACTGTAGTGGATAATCTTTCTAAAGCAAGTTATCCCACAGCAATTAAGAATGCAGTCGGGCATGATGATGTTTTTGTAGGGCGCATAAGGCAGG,49
CGCTGTTGGTATTAGTCGTATTAATGTGGCGACTTACCAGTCTGTTTCTGGGACTGGCAAAAAAGCCATCAGCGAGCTGGTTGCTCAGGTAGGCGATCTTTTAAATGGGAGACCAGCTAATGTTCAAGTCTATCCTCAGCAAATTGCTTTTAATGCGCTTCCTCATATTGATCAGTTCGAAGACAATGGTTATACCCGAGAAGAGATGAAGATGGTCTGGGAAACCCGCAAGATTATGGAAGATGACAGCATTATGGTTAACCCTACAGCCGTCAGGGTTCCTGTTATTTATGGGCATTCTGAAGCGGTTCATCTGGAATTAAAAAAGCCTTTGACGGCTGACGATGCTCGCGCGCTTTTGGCAAAGGCACCCGGCGTTACTGTAGTGGATAATCTTTCTAAAGCAAGTTATCCCACAGCAATTAAGAATGCAGTCGGGCATGATGATGTTTTTGTAGGGCGCATAAGGCAGG,50
CGCTGTTGGTATTAGTCGTATTAATGTGGCGACTTACCAGTCTGTTTCCGGGACTGGCAAAAAAGCCATCAGCGAGCTGGTTGCTCAGGTAGGCGATCTTTTAAATGGGAGACCAGCTAATGTTCAAGTTTATCCTCAGCAAATTGCTTTTAATGCGCTTCCTCATATTGATCAGTTCGAAGACAATGGTTATACCCGAGAAGAGATGAAGATGGTCTGGGAAACCCGCAAGATTATGGAAGATGACAGCATTATGGTTAACCCTACAGCCGTCAGGGTTCCTGTTATTTATGGGCATTCTGAAGCGGTTCATCTGGAATTAAAAAAGCCTTTGACGGCTGACGATGCTCGCACGCTTTTGGCAAAGGCACCCGGCGTTACTGTAGTGGATAATCTTTCTAAAGCAAGTTATCCCACAGCAATTAAGAATGCAGTCGGGCATGATGATGTTTTTGTAGGGCGCATAAGGCAGG,51
CGCTGTTGGTATTAGTCGTATTAATGTGGCGACTTACCAGTCTGTTTCCGGGACTGGCAAAAAAGCCATCAGCGAGCTGGTTGCTCAGGTAGGCGATCTTTTAAATGGGAGACCAGCTAATGTTCAAGTTTATCCTCAGCAAATTGCTTTTAATGCGCTTCCTCATATTGATCAGTTCGAAGACAATGGTTATACCCGAGAAGAGATGAAGATGGTCTGGGAAACCCGCAAGATTATGGAAGATGACAGCATTATGGTTAACCCTACAGCCGTCAGGGTTCCTGTTATTTATGGGCATTCTGAAGCAGTTCATCTGGAGTTAAAAAAGCCTTTGACGGCTGACGATGCTCGCGCGCTTTTGGCAAAGGCACCCGGCGTTACTGTAGTGGATAATCTTTCTAAAGCAAGTTATCCCACAGCAATTAAGAATGCAGTCGGGCATGATGATGTTTTTGTAGGGCGCATAAGACAGG,52
CGCTGTTGGTATTAGTCGTATTAATGTGGCGACTTACCAGTCTGTTTCCGGGACTGGCAAAAAAGCCATCAGCGAACTGGTTGCTCAGGTAGGCGATCTTTTAAATGGGAGACCAGCTAATGTTCAAGTCTATCCTCAGCAAATTGCTTTTAATGCGCTTCCTCATATTGATCAGTTCGAAGACAATGGTTATACCCGGGAAGAGATGAAGATGGTCTGGGAAACCCGCAAGATTATGGAAGATGACAGCATTATGGTTAACCCTACAGCCGTCAGGGTCCCCGTTATTTATGGGCATTCTGAAGCGGTTCATCTGGAATTAAAAAAGCCTTTGACGGCTGACGATGCTCGCGCGCTTTTGGCAAAAGCACCCGGCGTTACTGTAGTGGATAATCTTTCTAAAGCAAGTTATCCCACAGCAATTAAGAATGCAGTCGGGCATGATGATGTTTTTGTAGGGCGCATAAGGCAGG,53
CGCTGTTGGTATTAGTCGTATTAATGTGGCGACTTACCAGTCTGTTTCCGGGACTGGCAAAAAAGCCATCAGCGAACTGGTTGCTCAGGTAGGCGATCTTTTAAATGGGAGACCAGCTAATGTTCAAGTCTATCCTCAGCAAATTGCTTTTAATGCGCTTCCTCATATTGATCAGTTCGAAGACAATGGTTATACCCGGGAAGAGATGAAGATGGTCTGGGAAACCCGCAAGATTATGGAAGATGACAGCATCATGGTTAACCCTACAGCCGTCAGGGTTCCTGTTATTTATGGGCATTCTGAAGCGGTTCATCTGGAGTTAAAAAAGCCTTTGACGGCTGACGATGCTCGCGCGCTTTTGGCAAAGGCACCCGGCGTTACTGTAGTGGATAATCTTTCTAAAGCAAGTTATCCCACAGCAATTAAGAATGCAGTCGGGCATGATGATGTTTTTGTAGGGCGCATAAGGCAGG,54
CGCTGTTGGTATTAGTCGTATTAATGTGGCGACTTACCAGTCTGTTTCCGGGACTGGCAAAAAAGCCATCAGCGAGCTGGTTGCTCAGGTAGGCGATCTTTTAAATGGGAGGCCAGCTAATGTTCAAGTTTATCCTCAGCAAATTGCTTTTAATGCGCTTCCTCATATTGATCAGTTCGAAGACAATGGTTATACCCGAGAAGAGATGAAGATGGTCTGGGAAACTCGCAAGATTATGGAAGATGACAGCATTATGGTTAACCCTACAGCCGTCAGAGTTCCTGTTATTTATGGGCATTCTGAAGCGGTTCATCTGGAATTAAAAAAACCTTTGACGGCTGACGATGCTCGTGCGCTTTTGGCAAAAGCACCTGGAGTTACTGTAGTGGATAATACTGCTAAAGCAAGTTATCCCACTGCAATTAAGGATGCAGTCGGACATGATGATGTTTTTGTAGGGCGTATAAGACAGG,55
CGCTGTTGGTATTAGTCGTATCAATGTAGCGACTTATCAGTCTGTTTCCGGGACTGGCAAAAAAGCCATCAGCGAGCTGGTTGCTCAGGTAGGCGATCTTTTAAATGGGAGGCCAGCTAATGTTCAAGTTTATCCTCAGCAAATTGCTTTTAATGCGCTTCCTCATATTGATCAGTTCGAAGACAATGGTTATACCCGAGAAGAGATGAAGATGGTCTGGGAAACTCGCAAGATTATGGAAGATGACAGCATTATGGTTAACCCTACAGCCGTCAGAGTTCCTGTTATTTATGGGCATTCTGAAGCGGTTCATCTGGAGTTAAAAAAGCCTTTGACGGCTGACGATGCTCGCGCGCTTTTGGCAAAGGCACCCGGCGTTACTGTAGTGGATAATCTTTCTAAAGCAAGTTATCCCACTGCAATTAAGGATGCAGTCGGACATGATGATGTTTTTGTAGGGCGTATAAGACAGG,56
CGCTGTTGGTATTAGTCGTATTAATGTGGCGACTTACCAGTCTGTTTCCGGGACTGGCAAAAAAGCCATCAGCGAACTGGTTGCTCAGGTAGGAGATCTTTTAAATGGGAGACCAGCTAATGTTCAAGTCTATCCTCAGCAAATTGCTTTTAATGCGCTTCCTCATATTGATCAGTTCGAAGACAATGGTTATACCCGGGAAGAGATGAAGATGGTCTGGGAAACCCGCAAGATTATGGAAGATGACAGCATTATGGTTAACCCTACAGCCGTCAGGGTTCCCGTTATTTATGGGCATTCTGAAGCGGTTCATCTGGAATTAAAAAAGCCTTTGACGGCTGACGATGCTCGCGCGCTTTTGGCAAAGGCACCCGGCGTTACTGTAGTGGATAATCTTTCTAAAGCAAGTTATCCCACAGCAATTAAGAATGCAGTTGGGCATGATGATGTTTTTGTAGGGCGCATAAGACAGG,57
CGCTGTTGGTATTAGTCGTATTAATGTGGCGACTTACCAGTCTGTTTCCGGGACTGGCAAAAAAGCCATCAGCGAACTGGTTGCTCAGGTAGGCGATCTTTTAAATGGGAGACCAGCTAATGTTCAAGTCTATCCTCAGCAAATTGCTTTTAATGCGCTTCCTCATATTGATCAGTTCGAAGACAATGGTTATACCCGGGAAGAGATGAAGATGGTCTGGGAAACCCGCAAGATTATGGAAGATGACAGCATCATGGTTAACCCTACAGCCGTCAGGGTTCCTGTTATTTATGGGCATTCTGAAGCGGTTCATCTGGAGTTAAAAAAGCCTTTGACGGCTGACGATGCTCGCGCGCTTTTGGCAAAGGCACCCGGCGTTACTGTAGTGGATAATCTTTCTAAAGCAAGTTATCCCACAGCAATTAAGAATGCAGTCGGGCATGATGATGTTTTTGTAGGGCGCATAAGACAGG,58
TGCTGTTGGTATTAGTCGTATCAATGTAGCGACTTATCAGTCTGTTTCTGGGACTGGCAAAAAAGCCATCAGCGAGCTGGTTGCTCAGGTAGGCGATCTTTTAAATGGAAGACCAGCTAATGTTCAAGTTTATCCTCAGCAAATTGCTTTTAATGCGCTTCCGCATATTGATCAGTTTGAAGACAATGGCTATACCCGAGAAGAGATGAAGATGGTTTGGGAAACTCGCAAGATTATGGAAGATGACAGCATTATGGTTAACCCTACAGCCGTCAGGGTTCCTGTTATTTATGGGCATTCTGAAGCGGTTCATCTGGAATTAAAAAAACCTTTGACGGCTGACGATGCTCGTGCGCTTTTGGCAAAAGCACCTGGAGTTACTGTAGTGGATAATACTGCTAAAGCAAGTTATCCCACTGCAATTAAGGATGCAGTCGGACATGATGATGTTTTTGTAGGGCGTATAAGACAGG,59
CGCTGTTGGTATTAGTCGTATTAATGTAGCGACTTACCAGTCTGTTTCCGGGACTGGCAAAAAAGCCATCAGCGAACTGGTTGCTCAGGTAGGCGATCTTTTAAATGGGAGACCAGCTAATGTTCAAGTCTATCCTCAGCAAATTGCTTTTAATGCGCTTCCTCATATTGACCAGTTCGAAGACAATGGTTATACCCGGGAAGAGATGAAGATGGTCTGGGAAACCCGCAAGATTATGGAAGATGACAGAATTATGGTTAACCCTACAGCCGTCAGGGTTCCCGTTATTTATGGGCATTCTGAAGCGGTTCATCTGGAATTAAAAAAGCCTTTGACGGCTGACGATGCTCGCGCGCTTTTGGCAAAGGCACCCGGCGTTACTGTAGTGGATAATCTTTCTAAAGCAAGTTATCCCACAGCAATTAAGAATGCAGTCGGGCATGATGATGTTTTTGTAGGGCGCATAAGGCAGG,60
CGCTGTTGGTCTTAGTCGTATTAATGTGGCGACTTACCAGTCTGTTTCCGGGACTGGCAAAAAAGCCATCAGCGAACTGGTTGCTCAGGTAGGCGATCTTTTAAATGGGAGACCAGCTAATGTTCAAGTCTATCCTCAGCAAATTGCTTTTAATGCGCTTCCTCATATTGATCAGTTCGAAGACAATGGTTATACCCGGGAAGAGATGAAGATGGTCTGGGAAACCCGCAAGATTATGGAAGATGACAGCATTATGGTTAACCCTACAGCTGTCAGGGTTCCCGTTATTTATGGGCATTCTGAAGCGGTTCATCTGGAATTAAAAAAGCCTTTGACGGCTGACGATGCTCGCGCGCTTTTGGCAAAGGCACCCGGCGTTACTGTAGTGGATAATCTTTCTAAAGCAAGTTATCCCACAGCAATTAAGAATGCAGTTGGGCATGATGATGTTTTTGTAGGGCGCATAAGACAGG,61
CGCTGTTGGTATTAGTCGTATTAATGTGGCGACTTACCAGTCTGTTTCCGGGACTGGTAAAAAAGCCATCAGCGAGCTGGTTGCTCAGGTAGGCGATCTTTTAAATGGGAGACCAGCTAATGTTCAAGTTTATCCTCAGCAAATTGCTTTTAATGCGATTCCTCATATTGATCAGTTCGAAGAAAATGGTTATACCCGAGAAGAGATGAAGATGGTCTGGGAAACCCGCAAGATTATGGAAGATGACAGCATTATGGTTAACCCTACAGCCGTCAGGGTTCCTGTTATTTATGGGCATTCTGAAGCGGTTCATCTGGAGTTAAAAAAGCCTTTGACGGCTGACGATGCTCGCGCGCTTTTGGCAAAGGCACCCGGCGTTACTGTAGTGGATAATCTTTCTAAAGCAAGTTATCCCACAGCAATTAAGAATGCAGTCGGGCATGATGATGTTTTTGTAGGGCGCATAAGACAGG,62
CGCTGTTGGTATTAGTCGTATTAATGTGGCGACTTACCAGTCTGTTTCCGGGACTGGCAAAAAAGCCATCAGCGAGCTGGTTGCTCAGGTAGGCGATCTTTTAAATGGGAGGCCAGCTAATGTTCAAGTTTATCCTCAGCAAATTGCTTTTAATGCGCTTCCTCATATTGATCAGTTCGAAGACAATGGTTATACCCGAGAAGAGATGAAGATGGTCTGGGAAACCCGCAAGATTATGGAAGATGACAGCATTATGGTTAACCCTACAGCCGTCAGAGTTCCTGTTATTTATGGGCATTCTGAAGCGGTTCATCTGGAGTTAAAAAAGCCTTTGACGGCTGACGATGCTCGCGCGCTTTTGGCAAAGGCACCCGGCGTTACTGTAGTGGATAATCTTTCTAAAGCAAGTTATCCCACAGCAATTAAGAATGCAGTCGGGCATGATGATGTTTATGTAGGGCGCATAAGACAGG,63
CGCTGTTGGTATTAGTCGTATTAATGTGGCGACTTACCAGTCTGTTTCCGGGACTGGCAAAAAAGCCATCAGCGAACTGGTTGCTCAGGTAGGCGATCTTTTAAATGGGAGACCAGCTAATGTTCAAGTCTATCCTCAGCAAATTGCTTTTAATGCGCTTCCTCATATTGATCAGTTCGAAGACAATGGTTATACCCGGGAAGAGATGAAGATGGTCTGGGAGACCCGCAAGATTATGGAAGATGACAGCATTATGGTTAACCCTACAGCTGTCAGGGTTCCCGTTATTTATGGGCATTCTGAAGCGGTTCATCTGGAATTAAAAAAGCCTTTGACGGCTGACGATGCTCGCGCGCTTTTGGCAAAGGCACCCGGCGTTACTGTAGTGGATAATCTTTCTAAAGCAAGTTATCCCACAGCAATTAAGAATGCAGTTGGGCATGATGATGTTTTTGTAGGGCGCATAAGACAGG,64
CGCTGTTGGTATTAGTCGTATTAATGTGGCGACTTACCAGTCTGTTTCCGGGACTGGCAAAAAAGCCATCAGCGAACTGGTTGCTCAGGTAGGCGATCTTTTAAATGGGAGACCAGCTAATGTTCAAGTTTATCCTCAGCAAATTGCTTTTAATGCGCTTCCTCATATTGATCAGTTCGAAGACAATGGTTATACCCGAGAAGAGATGAAGATGGTCTGGGAAACCCGCAAGATTATGGAAGATGACAGCATTATGGTTAACCCTACAGCCGTCAGAGTTCCTGTTATTTATGGGCATTCTGAAGCGGTTCATCTGGAATTAAAAAAGCCTTTGACGGCTGACGATGCTCGCGCGCTTTTGGCAAAGGCACCCGGCGTTACTGTAGTGGATAATCTTTCTAAAGCAAGTTATCCCACAGCAATTAAGAATGCAGTCGGGCATGATGATGTTTTTGTAGGGCGCATAAGGCAGG,65
CGCTGTTGGTATTAGCCGTATTAATGTGGCGACTTACCAGTCTGTTTCCGGGACTGGCAAAAAAGCCATCAGCGAACTGGTTGCTCAGGTAGGCGATCTTTTAAATGGGAGACCAGCTAATGTTCAAGTCTATCCTCAGCAAATTGCTTTTAATGCGCTTCCTCATATTGATCAGTTCGAAGACAATGGTTATACCCGAGAAGAGATGAAGATGGTCTGGGAAACCCGCAAGATTATGGAAGATGACAGCATCATGGTTAACCCTACAGCCGTCAGGGTTCCTGTTATTTATGGGCATTCTGAAGCGGTTCATCTGGAATTAAAAAAGCCTTTGACGGCTGACGATGCTCGCGCGCTTTTGACAAAGGCACCCGGCGTTACTGTAGTGGATAATCTTTCTAAAGCAAGTTATCCCACAGCAATTAAGAATGCAGTCGGGCATGATGATGTTTTTGTAGGGCGCATAAGGCAGG,66
CGCTGTTGGTATTAGTCGTATCAATGTAGCGACTTATCAGTCTGTTTCCGGGACTGGCAAAAAAGCCATCAGCGAGCTGGTTGCTCAGGTAGGTGATCTTTTAAATGGAAGACCAGCTAATGTTCAAGTTTATCCTCAGCAAATTGCTTTTAATGCGCTTCCTCATATTGATCAGTTCGAAGACAATGGTTATACCCGAGAAGAGATGAAGATGGTCTGGGAAACCCGCAAGATTATGGAAGATGACAGCATTATGGTTAACCCTACAGCCGTCAGAGTTCCTGTTATTTATGGGCATTCTGAAGCGGTTCATCTGGAGTTAAAAAAGCCTTTGACGGCTGACGATGCTCGCGCGCTTTTGGCAAAGGCACCCGGCGTTACTGTAGTGGATAATCTTTCTAAAGCAATTTATCCCACAGCAATTAAGAATGCAGTCGGGCATGATGATGTTTTTGTAGGGCGCATAAGACAGG,67
CGCTGTTGGTATTAGTCGTATTAATGTGGCGACTTACCAGTCTGTTTCCGGGACTGGCAAAAAAGCCATCAGCGAACTGGTTGCTCAGGTAGGCGATCTTTTAAATGGGAGACCAGCTAATGTTCAAGTCTATCCTCAGCAAATTGCTTTTAATGCGCTTCCTCATATTGATCAGTTCGAAGACAATGGTTATACCCGGGAAGAGATGAAGATGGTCTGGGAAACTCGCAAGATTATGGAAGATGACAGCATTATGGTTAACCCTACAGCTGTCAGGGTTCCCGTTATTTATGGGCATTCTGAAGCGGTTCATCTGGAATTAAAAAAGCCTTTGACGGCTGACGATGCTCGCGCGCTTTTGGCAAAGGCACCCGGCGTTACTGTAGTGGATAATCTTTCTAAAGCAAGTTATCCCACAGCAATTAAGAATGCAGTTGGGCATGATGATGTTTTTGTAGGGCGCATAAGACAGG,68
CGCTGTTGGTATTAGTCGTATTAATGTGGCGACTTACCAGTCTGTTTCCGGGACTGGCAAAAAAGCCATCAGCGAACTGGTTGCTCAGGTAGGCGATCTTTTAAATGGGAGACCAGCTAATGTTCAAGTCTATCCTCAGCAAATTGCTTTTAATGCGCTTCCTCATATTGATCAGTTCGAAGACAATGGTTATACCCGGGAAGAGATGAAGATGGTCTGGGAAACCCGCAAGATTATGGAAGATGACAGCATTATGGTTAACCCTACAGCTGTCAGGGTTCCCGTTATTTATGGGCATTCTGAAGCGGTTCATCTGGAATTAAAAAAGCCTTTGACGGCTGACGATGCTCGCGCGCTTTTAGCAAAAGCGCCTGGTGTTACTGTAGTGGATAATCTTTCTAAAGCAAGTTATCCCACAGCAATTAAGAATGCAGTTGGGCATGATGATGTTTTTGTAGGGCGCATAAGACAGG,69
CGCTGTTGGTATTAGTCGTATCAATGTAGCGACTTATCAGTCTGTTTCCGGGACTGGCAAAAAAGCCATCAGCGAGCTGGTTGCTCAGGTAGGTGATCTTTTAAATGGAAGACCAGCTAATGTTCAAGTTTATCCTCAGCAAATTGCTTTTAATGCGCTTCCGCATATTGATCAATTTGAAGACAATGGCTATACCCGAGAAGAGATGAAGATGGTCTGGGAAACTCGCAAGATTATGGAAGATGACAGCATTATGGTTAACCCTACAGCCGTCAGGGTTCCTGTTATTTATGGGCATTCTGAAGCGGTTCATCTGGAATTAAAAAAGCCTTTGACGGCTGACGATGCTCGCGCGCTTTTGGCAAAGGCACCCGGCGTTACTGTAGTGGATAATCTTTCTAAAGCAAGTTATCCCACAGCGATTAAGAATGCAGTCGGGCATGATGATGTTTTTGTAGGGCGTATAAGACAGG,70
CGCTGTTGGTATTAGTCGTATTAATGTGGCGACTTACCAGTCTGTTTCCGGGACTGGCAAAAAAGCAATCAGCGAACTGGTTGCTCAGGTAGGCGATCTTTTAAATGGGAGACCAGCTAATGTTCAAGTCTATCCTCAGCAAATTGCTTTTAATGCGCTTCCTCATATTGATCAGTTCGAAGACAATGGTTATACCCGGGAAGAGATGAAGATGGTCTGGGAAACCCGCAAGATTATGGAAGATGACAGCATTATGGTTAACCCTACAGCCGTCAGGGTTCCCGTTATTTATGGGCATTCTGAAGCGGTTCATCTGGAATTAAAAAAGCCTTTGACGGCTGACGATGCTCGCGCGCTTTTGGCAAAGGCATCCGGCGTTACTGTAGTAGATAATCTTTCTAAAGCAAGTTATCCCACAGCAATTAAGGATGCAGTCGGGCATGATGACGTTTTTGTAGGGCGTATAAGACAGG,71
CGCTGTTGGTATTAGTCGTATTAATGTGGCGACTTACCAGTCTGTTTCCGGGACTGGCAAAAAAGCCATCAGCGAACTGGTTGCTCAGGTAGGCGATCTTTTAAATGGGAGACCAGCTAATGTTCAAGTCTATCCTCAGCAAATTGCTTTTAATGCGCTTCCTCATATTGATCAGTTCGAAGACAATGGTTATACCCGGGAAGAGATGAAGATGGTCTGGGAAACCCGCAAGATTATGGAAGATGACAGCATTATGGTTAACCCTACAGCCGTCAGGGTTCCCGTTATTTATGGGCATTCTGAAGCGGTTCATCTGGAATTAAAAAAGCCTTTGACGGCTGACGATGCTCGCGCGCTTTTGGCAAAAGCACCCGGCGTTACTGTAGTGGATAATCTTTCTAAAGCAAGTTATCCCACAGCAATTAAGGATGCAGTCGGGCATGATGATGTTTTTGTAGGGCGCATAAGGCAGG,72
CGCTGTTGGTATTAGTCGTATTAATGTGGCGACTTACCAGTCTGTTTCCGGGACTGGCAAAAAAGCCATCAGCGAGCTGGTTGCTCAGGTAGGCGATCTTTTAAATGGGAGACCAGCTAATGTTCAAGTCTATCCTCAGCAAATTGCTTTTAATGCGCTTCCTCATATTGATCAGTTCGAAGACAATGGTTATACCCGAGAAGAGATGAAGATGGTCTGGGAAACCCGCAAGATTATGGAAGATGACAGCATCATGGTTAACCCTACAGCCGTTAGGGTTCCTGTTATTTATGGGCATTCTGAAGCGGTTCATCTGGAGTTAAAAAAGCCTTTGACGGCTGACGATGCTCGCGCGCTTTTGGCAAAGGCACCCGGCGTTACTGTAGTGGATAATCTTTCTAAAGCAAGTTATCCCACAGCAATTAAGAATGCAGTCGGGCATGATGATGTTTTTGTAGGGCGCATAAGACAGG,73
CGCTGTTGGTATTAGTCGTATTAATGTGGCGACTTACCAGTCTGTTTCCGGGACTGGCAAAAAAGCCATCAGCGAACTGGTTGCTCAGGTAGGCGATCTTTTAAATGGGAGACCAGCTAATGTTCAAGTCTATCCTCAGCAAATTGCTTTTAATGCGCTTCCTCATATTGATCAGTTCGAAGACAATGGTTATACCCGAGAAGAGATGAAGATGGTCTGGGAAACCCGCAAGATTATGGAAGATGGCAGCATTATGGTTAACCCTACAGCCGTCAGGGTTCCCGTTATTTATGGGCATTCTGAAGCGGTTCATCTGGAATTAAAAAAGCCTTTGACGGCTGACGATGCTCGCGCGCTTTTGTCAAAGGCACCCGGCGTTACTGTAGTGGATAATCTTTCTAAAGCAAGTTATCCCACAGCAATTAAGAATGCAGTCGGGCATGATGATGTTTTTGTAGGGCGCATAAGGCAGG,74
CGCTGTTGGTATTAGTCGTATTAATGTGGCGACTTACCAGTCTGTTTCCGGGACTGGCAAAAAAGCCATCAGCGAGCTGGTTGCTCAGGTAGGCGATCTTTTAAATGGGAGACCAGCTAATGTTCAAGTTTATCCTCAGCAAATTGCTTTTAATGCGCTTCCTCATATTGATCAGTTCGAAGACAATGGTTATACCCGAGAAGAGATGAAGATGGTCTGGGAAACCCGCAAGATTATGGAAGATGACAGCATTATGGTTAACCCTACAGCCGTCAGGGTTCCTGTTATTTATGGGCATTCTGAAGCGGTTCATCTGGAGTTAAAAAAGCCTTTGACGGCTGACGATGCTCGCGCGCTTTTGGCAAAGGCACCCGGCGTTACTGTAGTGGATAATCTTTCTAAAGCAAGTTATCCCACAGCAATTAAGAATGCAGTCGGGCATGATGATGTTTTTGTAGGGCGCATAAGGCAGG,75
CGCTGTTGGTATTAGTCGTATTAATGTGGCGACTTACCAGTCTGTTTCCGGGACTGGCAAAAAAGCCATCAGCGAACTGGTTGCTCAGGTAGGCGATCTTTTAAATGGGAGACCAGCTAATGTTCAAGTCTATCCTCAGCAAATTGCTTTTAATGCGCTTCCTCATATTGATCAGTTCGAAGACAATGGTTATACCCGGGAAGAGATGAAGATGGTCTGGGAAACCCGCAAGATTATGGAAGATGACAGCATTATGGTTAACCCTACAGCTGTCAGGGTTCCCGTTATTTATGGGCATTCTGAAGCGGTTCATCTGGAATTAAAAAAGCCTTTGACGGCTGACGATGCTCGCGCGCTTTTGGCAAAGGCACCCGGCGTTACTGTAGTAGATAATCTTTCTAAAGCAAGTTATCCCACAGCAATTAAGAATGCAGTTGGGCATGATGATGTTTTTGTAGGGCGCATAAGACAGG,76
CGCTGTTGGTATTAGTCGTATTAATGTGGCGACTTACCAGTCTGTTTCCGGGACTGGCAAAAAAGCCATCAGCGAGCTGGTTGCTCAGGTAGGCGATCTTTTAAATGGGAGACCAGCTAATGTTCAAGTTTATCCTCAGCAAATTGCTTTTAATGTGCTTCCTCATATTGATCAGTTCGAAGACAATGGTTATACCCGAGAAGAGATGAAGATGGTCTGGGAAACCCGCAAGATTATGGAAGATGACGGCATTATGGTTAACCCTACAGCCGTCAGGGTTCCTGTTATTTATGGGCATTCTGAAGCGGTTCATCTGGAATTAAAAAAGCCTTTGACGGCTGACGATGCTCGCGCGCTTTTGGCAAAGGCACCCGGCGTTACTGTAGTGGATAATCTTTCTAAAGCAAGTTATCCCACAGCAATTAAGAATGCAGTCGGGCATGATGATGTTTTTGTAGGGCGCATAAGGCAGG,77
CGCTGTTGGTATTAGTCGTATTAATGTGGCGACTTACCAGTCTGTTTCCGGGACTGGCAAAAAAGCCATCAGCGAGCTGGTTGCTCAGGTAGGCGATCTTTTAAATGGGAGACCAGCTAATGTTCAAGTCTATCCTCAGCAAATTGCTTTTAATGCGCTTCCTCATATTGATCAGTTCGAAGACAATGGTTATACCCGAGAAGAGATGAAGATGGTCTGGGAAACCCGCAAGATTATGGAAGATGATAGCATCATGGTTAACCCTACAGCCGTCAGGATTCCTGTTATTTATGGGCATTCTGAAGCGGTTCATCTGGAGTTAAAAAAGCCTTTGACGGCTGACGATGCTCGCGCGCTTTTGGCAAAGGCACCCGGCGTTACTGTAGTGGATAATCTTTCTAAAGCAAGTTATCCCACAGCAATTAAGAATGCAGTCGGGCATGATGATGTTTTTGTAGGGCGCATAAGGCAGG,78
CGCTGTTGGTATTAGTCGTATTAATGTGGCGACTTACCAGTCTGTTTCCGGGACTGGCAAAAAAGCTATCAGCGAGCTGGTTGCTCAGGTAGGCGATCTTTTAAATGGGAGACCAGCTAATGTTCAAGTCTATCCTCAGCAAATTGCTTTTAATGCGCTTCCTCATATTGATCAGTTCGAAGACAATGGTTATACCCGGGAAGAGATGAAGATGGTCTGGGAAACCCGCAAGATTATGGAAGATGACAGCATTATGGTTAACCCTACAGCCGTCAGGGTTCCTGTTATTTATGGGCATTCTGAAGCGGTTCATCTGGAATTAAAAAAGCCTTTGACGGCTGACGATGCTCGCGCGCTTTTGGCAAAGGCACCCGGCGTTACTGTAGTGGATAATCTTTCTAAAGCAAGTTATCCCACAGCAATTAAGAATGCAGTCGGGCATGATGATGTTTTTGTAGGGCGCATAAGACAGG,79
CGCTGTTGGTATTAGTCGTATCAATGTAGCGACTTATCAGTCTGTTTCCGGGACTGGCAAAAAAGCCATCAGCGAGCTGGTTGCTCAGGTAGGCGATCTTTTAAATGGAAGACCAGCTAATGTTCAAGTTTATCCTCAGCAAATTGCTTTTAATGCGCTTCCGCATATTGATCAATTTGAAGACAATGGCTATACCCGAGAAGAGATGAAGATGGTCTGGGAAACTCGCAAGATTATGGAAGATGACAGCATTATGGTTAACCCCACAGCCGTCAGGGTTCCTGTTATTTATGGGCATTCTGAAGCGGTTCATCTGGAATTAAAAAAACCTTTGACGGCTGACGATGCCCGTGCGCTTTTGGCAAAAGCACCTGGAGTTACTGTAGTGGATAATACTGCTAAAGCAAGTTATCCCACTGCAATTAAGGATGCAGTCGGACATGATGATGTTTTTGTAGGGCGTATAAGACAGG,80
CGCTGTTGGTATTAGTCGTATTAATGTGGCGACTTACCAGTCTGTTTCCGGGACTGGCAAAAAAGCCATCAGCGAACTGGTTGCTCAGGTAGGCGATCTTTTAAATGGGAGACCAGCTAATGTTCAAGTCTATCCTCAGCAAATTGCTTTTAATGCGCTTCCTCATATTGATCAGTTCGAAGACAATGGTTATACCCGAGAAGAGATGAAGATGGTCTGGGAAACCTGCAAGATTATGGAAGATGACAGCATTATGGTTAACCCTACAGCCGTCAGGGTTCCCGTTATTTATGGGCATTCTGAAGCGGTTCATCTGGAATTAAAAAAGCCTTTGACGGCTGACGATGCTCGCGCGCTTTTGGCAAAGGCACCCGGCGTTACTGTAGTGGATAATCTTTCTAAAGCAAGTTATCCCACAGCAATTAAGAATGCAGTCGGGCATGATGATGTTTTTGTAGGGCGCATAAGGCAGG,81
CGCTGTTGGTATTAGTCGTATTAATGTGGCGACTTACCAGTCTGTTTCCGGGACTGGCAAAAAAGCCATCAGCGAGCTGGTTGCTCAGGTAGGCGATCTTTTAAATGGGAGGCCAGCTAATGTTCAAGTTTATCCTCAGCAAATTGCTTTTAATGCGCTTCCTCATATTGATCAGTTCGAAGACAATGGTTATACCCGAGAAGAGATGAAGATGGTCTGGGAAACTCGCAAGATTATGGAAGATGACAGCATTATGGTTAACCCTACAGCTGTCAGAGTTCCTGTTATTTATGGGCATTCTGAAGCGGTTCATCTGGAGTTAAAAAAGCCTTTGACGGCTGACGATGCTCGCGCGCTTTTGGCAAAGGCACCCGGCGTTACTGTAGTGGATAATCTTTCTAAAGCAAGTTATCCCACTGCAATTAAGGATGCAGTCGGACATGATGATGTTTTTGTAGGGCGTATAAGACAGG,82
CGCTGTTGGTATTAGTCGTATCAATGTAGCGACTTATCAGTCTGTTTCCGGGACTGGCAAAAAAGCCATCAGCGAGCTGGTTGCTCAGGTAGGCGATCTTTTAAATGGAAGACCAGCTAATGTTCAAGTTTATCCTCAGCAAATTGCTTTTAATGCGCTTCCGCATATTGATCAGTTTGAAGACAATGGCTATACCCGAGAAGAGATGAAGATGGTTTGGGAAACTCGCAAGATTATGGAAGATGACAGCATTATGGTTAACCCTACAGCCGTCAGGGTTCCTATTATTTATGGGCATTCTGAAGCGGTTCATCTGGAATTAAAAAAACCTTTGACGGCTGACGATGCTCGTGCGCTTTTGGCAAAAGCACCTGGAGTTACTGTAGTGGATAATACTGCTAAAGCAAGTTATCCCACTGCAATTAAGGATGCAGTCGGACATGATGATGTTTTTGTAGGGCGTATAAGACAGG,83
CGCTGTTGGTATTAGTCGTATTAATGTGGCGACTTACCAGTCTGTTTCCGGAACTGGCAAAAAAGCCATCAGCGAACTGGTTGCTCAGGTAGGCGATCTTTTAAATGGGAGACCAGCTAATGTTCAAGTCTATCCTCAGCAAATTGCTTTTAATGCGCTTCCTCATATTGATCAGTTCGAAGACAATGGTTATACCCGGGAAGAGATGAAGATGGTCTGGGAAACCCGCAAGATTATGGAAGATGACAGCATTATGGTTAACCCTACAGCTGTCAGGGTTCCCGTTATTTATGGGCATTCTGAAGCGGTTCATCTGGAATTAAAAAAGCCTTTGACGGCTGACGATGCTCGCGCGCTTTTGGCAAAGGCACCCGGCGTTACTGTAGTGGATAATCTTTCTAAAGCAAGTTATCCCACAGCAATTAAGAATGCAGTTGGGCATGATGATGTTTTTGTAGGGCGCATAAGACAGG,84
CGCTGTTGGTATTAGTCGTATTAATGTGGCGACTTACCAGTCTGTTTCCGGGACTGGCAAAAAAGCCATCAGCGAGCTGGTTGCTCAGGTAGGCGATCTTTTAAATGGGAGACCAGCTAATGTTCAAGTTTATCCTCAGCAAATTGCTTTTAATGTGCTTCCTCATATTGATCAGTTCGAAGACAATGGTTATACCCGAGAAGAGATGAAGATGGTCTGGGAAACCCGCAAGATTATGGAAGATGACAGCATTATGGTTAACCCTACAGCCGTCAGGGTTCCTGTTATTTATGGGCATTCTGAAGCGGTTCATCTGGAATTAAAAAAGCCTTTGACGGCTGACGATGCTCGCGCGCTTTTGGCAAAGGCACCCGGCGTTACTGTAGTGGATAATCTTTCTAAAGCAAGTTATCCCACAGCAATTAAGAATGCAGTTGGGCATGATGATGTTTTTGTAGGGCGCATAAGACAGG,85
CGCTGTTGGTATTAGTCGTATTAATGTGGCGACTTACCAGTCTGTTTCCGGGACTGGCAAAAAAGCCATCAGCGAGCTGGTTGCTCAGATAGGCGATCTTTTAAATGGGAGACCAGCTAATGTTCAAGTTTATCCTCAGCAAATTGCTTTTAATGCGCTTCCTCATATTGATCAGTTCGAAGACAATGGTTATACCCGAGAAGAGATGAAGATGGTCTGGGAAACCCGCAAGATTATGGAAGATGACAGCATTATGGTTAACCCTACAGCCGTCAGGGTTCCTGTTATTTATGGGCATTCTGAAGCGGTTCATCTGGAGTTAAAAAAGCCTTTGACGGCTGACGATGCTCGCGCGCTTTTGGCAAAGGCACCCGGCGTTACTGTAGTGGATAATCTTTCTAAAGCAAGTTATCCCACAGCAATTAAGAATGCAGTCGGGCATGATGATGTTTTTGTAGGGCGCATAAGACAGG,86
CGCTGTTGGTATTAGTCGTATTAATGTGGCGACTTACCAGTCTGTTTCCGGGACTGGCAAAAAAGCCATCAGCGAGCTGGTTGCTCAGGTAGGCGATCTTTTAAATGGGAGACCAGCTAATGTTCAAGTCTATCCTCAGCAAATTGCTTTTAATGCGCTTCCTCATATTGATCAGTTCGAAGACAATGGTTATACCCGAGAAGAGATGAAGATGGTCTGGGAAACCCGCAAGATTATGGAAGATGACAGCATCATGGTTAACCCTACAGCCGTCAGGGTTCCTGTTATTTATGGGCATTCTGAAGCGGTTCATCTGGAGTTAAAAAAGCCTTTGACGGCTGACGATGCTCGCGCGCTTTTGGCAAAGGCACCCGGCGTTACTGTAGTGGATAATCTTTCTAAAGCAAGTTATCCTACAGCAATTAAGAATGCAGTCGGGCATGATGATGTTTTTGTAGGGCGCATAAGACAGG,87
CGCTGTTGGTATTAGTCGTATTAATGTGGCGACTTACCAGTCTGTTTCCGGGACTGGCAAAAAAGCCATCAGCGAACTGGTTGCTCAGGTAGGCGATCTTTTAAATGGGAGACCAGCTAATGTTCAAGTCTATCCTCAGCAAATTGCTTTTAATGCGCTTCCTCATATTGATCAGTTCGAAGACAATGGTTATACCCGGGAAGAGATGAAGATGGTCTGGGAAACCCGCAAGATTATGGAAGATGACAGCATTATGGTTAACCCTACAGCTGTCAGGGTTCCCGTTATTTATGGGCATTCTGAAGCGGTTCATCTGGAATTAAAAAAGCCTTTGACGGCTGACGATGCTCGCGCGCTTTTGGCAAAGGCACCCGGCGTTACTGTAGTGGATAATCTTTCTAAAGCAAGTTATCCCACAGCAATTAAGAATGCAGTCGGGCATGATGATGTTTTTGTAGGGCGCATAAGGCAGG,88
CGCTGTTGGTATTAGTCGTATCAATGTAGCGACTTATCAGTCTGTTTCCGGGACTGGCAAAAAAGCCATCAGCGAGCTGGTTGCTCAGGTAGGCGATCTTTTAAATGGAAGACCAGCTAATGTTCAAGTTTATCCTCAGCAAATTGCTTTTAATGCGCTTCCGCATATTGATCAATTTGAAGACAATGGCTATACCCGCGAAGAGATGAAGATGGTCTGGGAAACTCGCAAGATTATGGAAGATGACAGCATTATGGTTAACCCTACAGCCGTCAGGGTTCCTGTTATTTATGGGCATTCTGAAGCGGTTCATCTGGAATTAAAAAAACCTTTGACGGCTGACGATGCTCGTGCGCTTTTGGCAAAAGCACCTGGAGTTACTGTAGTGGATAATACTGCTAAAGCAAGTTATCCCACTGCAATTAAGGATGCAGTCGGACATGATGATGTTTTTGTAGGGCGTATAAGACAGG,89
